<?xml version="1.0" encoding="UTF-8"?>
<!DOCTYPE manifesto SYSTEM "file:/Users/Joana/Desktop/plc/processamento_e_representa%C3%A7%C3%A3o_de_informa%C3%A7%C3%A3o/manifesto.dtd">
<manifesto>
    <meta>
        <id>PRI 2019</id>
        <título>Teste</título>
        <dinício>14/01/2019</dinício>
        <supervisor>
            <nome>José Carlos Ramalho</nome>
            <email>jcr@di.uminho.pt</email>
            <website>http://www4.di.uminho.pt/~jcr/</website>
        </supervisor>
    </meta>
    <equipe>
        <elemento>
            <id>A78275</id>
            <nome>Joana Pereira</nome>
            <email>a78275@alunos.uminho.pt</email>
            <foto path="https://i.imgur.com/OvatUH5.png"/>
        </elemento>
    </equipe>
    <resumo>
        <para>O teste encontra-se dividido em dois exercícios.</para>

        <para>O primeiro exercício refere-se a <b>MyTwitter</b>. Esta permite criar <i>tweets</i>, consultar todos os <i>tweets</i> e pôr gosto no <i>tweets</i> existentes. Para guardar os <i>tweets</i> recorreu-se a uma base de dados em <b>mongo</b>. O link disponível para aceder a todas as funcionalidades é <i>localhost/3000</i>. No entanto, é possível colocar gosto num tweet, mas não é possível voltar à ágina inicial, tendo que ser redirecionado manualmente. Para executar a aplicação deverá ser inicializado o <b>mongo</b> e a própria aplicação.</para>
 
        <para>O segundo exercício é referente ao <b>My Sport records</b>. Aqui foi necessário executar o código fornecido e guardar o resultado guardado em <i>JSON.stringify(payload)</i> num ficheiro JSON. De seguida foi executado o comando <i>mongoimport --db sports --collection atividades --type json --file routes/api/db.json --jsonArray</i> para povoar a base de dados, em <b>mongo</b>. Para executar a aplicação deverá ser inicializado o <b>mongo</b> e a própria aplicação. As funcionalidades implementadas são a listagem das atividades do dataset com campos data, tipo de atividade, distância e tempo (<i>localhost/3000/api/atividades</i>), e a listagem das atividades que pertencem a um tipo indicado (<i>localhost/3000/api/atividades:tipo</i>).</para>
    </resumo>
    <resultados>
        <resultado path="mySportsRecords.zip">Aplicação MySportsRecords.</resultado>
        <resultado path="myTwitter.zip">Aplicação MyTwitter.</resultado>
    </resultados>
</manifesto>